RONPS214,2-1/4 RED-OAK NATURAL-PREMIER SOLID,$5.99,$6.99
RONPS314,3-1/4 RED-OAK NATURAL-PREMIER SOLID,$6.99,$7.99
RONPS414,4-1/4 RED-OAK NATURAL-PREMIER SOLID,$7.99,$8.99
ROGPS214,2-1/4 RED-OAK GOLDEN-PREMIER SOLID,$5.99,$6.99
ROGPS314,3-1/4 RED-OAK GOLDEN-PREMIER SOLID,$6.99,$7.99
ROGPS414,4-1/4 RED-OAK GOLDEN-PREMIER SOLID,$7.99,$8.99
ROGSPS214,2-1/4 RED-OAK GUNSTOCK-PREMIER SOLID,$5.99,$6.99
ROGSPS314,3-1/4 RED-OAK GUNSTOCK-PREMIER SOLID,$6.99,$7.99
ROGSPS414,4-1/4 RED-OAK GUNSTOCK-PREMIER SOLID,$7.99,$8.99
ROPPS214,2-1/4 RED-OAK PRALINE-PREMIER SOLID,$5.99,$6.99
ROPPS314,3-1/4 RED-OAK PRALINE-PREMIER SOLID,$6.99,$7.99
ROPPS414,4-1/4 RED-OAK PRALINE-PREMIER SOLID,$7.99,$8.99
